company,cusip,name,shares,title,value
SOROS FUND,COLUMN 3,COLUMN 1,COLUMN 5,COLUMN 2,COLUMN 4
SOROS FUND,,,SHRS OR,,VALUE
SOROS FUND,CUSIP,NAME OF ISSUER,PRN AMT,TITLE OF CLASS,(x$1000)
SOROS FUND,00724F101,ADOBE INC,"125,000",COM,"33,311"
SOROS FUND,001055102,AFLAC INC,"87,419",COM,"4,371"
SOROS FUND,020002101,ALLSTATE CORP,"44,195",COM,"4,162"
SOROS FUND,021346101,ALTABA INC,"2,347,087",COM,"173,966"
SOROS FUND,02156K103,ALTICE USA INC,"1,650,000",CL A,"35,442"
SOROS FUND,025816109,AMERICAN EXPRESS CO,"56,077",COM,"6,129"
SOROS FUND,026874784,AMERICAN INTL GROUP INC,"72,063",COM NEW,"3,103"
SOROS FUND,03076C106,AMERIPRISE FINL INC,"16,426",COM,"2,104"
SOROS FUND,032511107,ANADARKO PETE CORP,"50,000",COM,"2,274"
SOROS FUND,03524A108,ANHEUSER BUSCH INBEV SA/NV,"20,000",SPONSORED ADR,"1,679"
SOROS FUND,G0408V102,AON PLC,"24,925",SHS CL A,"4,255"
SOROS FUND,039483102,ARCHER DANIELS MIDLAND CO,"700,000",COM,"30,191"
SOROS FUND,G0551A103,ARRIS INTERNATIONAL PLC,"315,186",SHS,"9,963"
SOROS FUND,M15332121,ATTUNITY LTD,"110,000",SHS NEW,"2,580"
SOROS FUND,060505104,BANK AMER CORP,"643,968",COM,"17,767"
SOROS FUND,064058100,BANK NEW YORK MELLON CORP,"67,845",COM,"3,421"
SOROS FUND,054937107,BB&T CORP,"90,674",COM,"4,219"
SOROS FUND,08579X101,BERRY PETE CORP,"400,000",COM,"4,616"
SOROS FUND,05541T101,BGC PARTNERS INC,"1,477,409",CL A,"7,845"
SOROS FUND,09247X101,BLACKROCK INC,"3,680",COM,"1,573"
SOROS FUND,110122108,BRISTOL MYERS SQUIBB CO,10,COM,0
SOROS FUND,110122108,BRISTOL MYERS SQUIBB CO,"251,000",COM,"11,975"
SOROS FUND,110122108,BRISTOL MYERS SQUIBB CO,"12,500",COM,596
SOROS FUND,G16962105,BUNGE LIMITED,"250,000",COM,"13,268"
SOROS FUND,127686103,CAESARS ENTMT CORP,"24,821,642",COM,"215,700"
SOROS FUND,127686AA1,CAESARS ENTMT CORP,"19,719,943",NOTE 5.000%10/0,"28,078"
SOROS FUND,136385101,CANADIAN NAT RES LTD,"500,000",COM,"13,750"
SOROS FUND,14040H105,CAPITAL ONE FINL CORP,"38,861",COM,"3,175"
SOROS FUND,151020104,CELGENE CORP,"407,140",COM,"38,410"
SOROS FUND,151020104,CELGENE CORP,"46,000",COM,"4,340"
SOROS FUND,15135B101,CENTENE CORP DEL,"50,000",COM,"2,655"
SOROS FUND,15677J108,CERIDIAN HCM HLDG INC,"1,650,000",COM,"84,645"
SOROS FUND,H1467J104,CHUBB LIMITED,"40,306",COM,"5,646"
SOROS FUND,125581801,CIT GROUP INC,"92,593",COM NEW,"4,442"
SOROS FUND,172967424,CITIGROUP INC,"182,867",COM NEW,"11,378"
SOROS FUND,174610105,CITIZENS FINL GROUP INC,"59,730",COM,"1,941"
SOROS FUND,12572Q105,CME GROUP INC,"46,102",COM CL A,"7,587"
SOROS FUND,20030N101,COMCAST CORP NEW,"1,100,000",CL A,"43,978"
SOROS FUND,200340107,COMERICA INC,"13,041",COM,956
SOROS FUND,205887102,CONAGRA BRANDS INC,"1,850,000",COM,"51,319"
SOROS FUND,222070203,COTY INC,"1,000,000",COM CL A,"11,500"
SOROS FUND,22266L106,COUPA SOFTWARE INC,"605,000",COM,"55,043"
SOROS FUND,22943FAF7,CTRIP COM INTL LTD,"4,500,000",NOTE 1.000% 7/0,"4,587"
SOROS FUND,22943FAM2,CTRIP COM INTL LTD,"20,000,000",NOTE 1.250% 9/1,"20,340"
SOROS FUND,232806AM1,CYPRESS SEMICONDUCTOR CORP,"28,000,000",NOTE 4.500% 1/1,"35,842"
SOROS FUND,23331A109,D R HORTON INC,"966,454",COM,"39,992"
SOROS FUND,247916208,DENBURY RES INC,"2,500,000",COM NEW,"5,125"
SOROS FUND,254709108,DISCOVER FINL SVCS,"26,098",COM,"1,857"
SOROS FUND,25470MAB5,DISH NETWORK CORP,"17,000,000",NOTE 3.375% 8/1,"14,484"
SOROS FUND,254687106,DISNEY WALT CO,"180,000",COM DISNEY,"19,985"
SOROS FUND,269246401,E TRADE FINANCIAL CORP,"457,091",COM NEW,"21,223"
SOROS FUND,27579R104,EAST WEST BANCORP INC,"101,196",COM,"4,854"
SOROS FUND,28849P100,ELLIE MAE INC,"53,500",COM,"5,280"
SOROS FUND,29272W109,ENERGIZER HLDGS INC NEW,"805,000",COM,"36,169"
SOROS FUND,29273V100,ENERGY TRANSFER LP,"321,500",COM UT LTD PTN,"4,941"
SOROS FUND,293792107,ENTERPRISE PRODS PARTNERS L,"190,000",COM,"5,529"
SOROS FUND,26885B100,EQM MIDSTREAM PARTNERS LP,"55,000",UNIT LTD PARTN,"2,539"
SOROS FUND,29786A106,ETSY INC,"142,300",COM,"9,565"
SOROS FUND,298736109,EURONET WORLDWIDE INC,"15,100",COM,"2,153"
SOROS FUND,30607B208,FALCON MINERALS CORP,"632,000",*W EXP 07/21/202,525
SOROS FUND,30607B109,FALCON MINERALS CORP,"1,173,243",CL A COM,"10,371"
SOROS FUND,G3402M102,FGL HLDGS,"620,938",ORD SHS,"4,887"
SOROS FUND,316773100,FIFTH THIRD BANCORP,"31,228",COM,788
SOROS FUND,32008D106,FIRST DATA CORP NEW,"1,220,340",COM CL A,"32,058"
SOROS FUND,354613101,FRANKLIN RES INC,"77,531",COM,"2,569"
SOROS FUND,36164V305,GCI LIBERTY INC,"1,145,000",COM CLASS A,"63,673"
SOROS FUND,38141G104,GOLDMAN SACHS GROUP INC,"22,682",COM,"4,355"
SOROS FUND,398438408,GRIFOLS S A,"2,125,925",SP ADR REP B NVT,"42,752"
SOROS FUND,44109J106,HOSTESS BRANDS INC,"200,000",CL A,"2,500"
SOROS FUND,446150104,HUNTINGTON BANCSHARES INC,"136,085",COM,"1,726"
SOROS FUND,44919P508,IAC INTERACTIVECORP,"100,000",COM,"21,011"
SOROS FUND,902104108,II VI INC,"14,042",COM,523
SOROS FUND,902104AB4,II VI INC,"15,500,000",NOTE 0.250% 9/0,"16,254"
SOROS FUND,45782BAA2,INSEEGO CORP,"30,769,000",NOTE 5.500% 6/1,"38,239"
SOROS FUND,458118AC0,INTEGRATED DEVICE TECHNOLOGY,"7,500,000",NOTE 0.875%11/1,"11,786"
SOROS FUND,L5140P101,INTELSAT S A,"876,622",COM,"13,728"
SOROS FUND,45866F104,INTERCONTINENTAL EXCHANGE IN,"62,386",COM,"4,750"
SOROS FUND,461202103,INTUIT,"100,000",COM,"26,141"
SOROS FUND,G491BT108,INVESCO LTD,"60,695",SHS,"1,172"
SOROS FUND,464287622,ISHARES TR,"412,693",RUS 1000 ETF,"64,921"
SOROS FUND,46625H100,JPMORGAN CHASE & CO,"212,244",COM,"21,485"
SOROS FUND,49271V100,KEURIG DR PEPPER INC,"500,000",COM,"13,985"
SOROS FUND,493267108,KEYCORP NEW,"111,467",COM,"1,756"
SOROS FUND,49435R102,KIMBELL RTY PARTNERS LP,"350,000",UNIT,"6,395"
SOROS FUND,502413107,L3 TECHNOLOGIES INC,"20,000",COM,"4,127"
SOROS FUND,530307305,LIBERTY BROADBAND CORP,"7,290,838",COM SER C,"668,861"
SOROS FUND,531229AE2,LIBERTY MEDIA CORP DELAWARE,"8,700,000",DEB 2.250% 9/3,"4,486"
SOROS FUND,535919401,LIONS GATE ENTMNT CORP,"1,050,000",CL A VTG,"16,422"
SOROS FUND,50212V100,LPL FINL HLDGS INC,"571,971",COM,"39,838"
SOROS FUND,55087P104,LYFT INC,"200,000",CL A COM,"15,658"
SOROS FUND,55261F104,M & T BK CORP,"107,242",COM,"16,839"
SOROS FUND,559080106,MAGELLAN MIDSTREAM PRTNRS LP,"81,700",COM UNIT RP LP,"4,953"
SOROS FUND,559663109,MAGNOLIA OIL & GAS CORP,"163,750",CL A,"1,965"
SOROS FUND,56585A102,MARATHON PETE CORP,"100,000",COM,"5,985"
SOROS FUND,571748102,MARSH & MCLENNAN COS INC,"51,090",COM,"4,797"
SOROS FUND,G5876H105,MARVELL TECHNOLOGY GROUP LTD,"1,400,000",ORD,"27,846"
SOROS FUND,579780206,MCCORMICK & CO INC,"255,000",COM NON VTG,"38,411"
SOROS FUND,M51363113,MELLANOX TECHNOLOGIES LTD,"83,000",SHS,"9,824"
SOROS FUND,59156R108,METLIFE INC,"66,772",COM,"2,842"
SOROS FUND,594918104,MICROSOFT CORP,"39,966",COM,"4,714"
SOROS FUND,609207105,MONDELEZ INTL INC,"1,203,800",CL A,"60,094"
SOROS FUND,61179L100,MONTAGE RES CORP,"61,031",COM,918
SOROS FUND,617446448,MORGAN STANLEY,"518,462",COM NEW,"21,879"
SOROS FUND,55354G100,MSCI INC,"9,401",COM,"1,869"
SOROS FUND,631103108,NASDAQ INC,"30,177",COM,"2,640"
SOROS FUND,63938C108,NAVIENT CORPORATION,"200,000",COM,"2,314"
SOROS FUND,64110L106,NETFLIX INC,"50,000",COM,"17,828"
SOROS FUND,665859104,NORTHERN TR CORP,"26,433",COM,"2,390"
SOROS FUND,629377508,NRG ENERGY INC,"300,000",COM NEW,"12,744"
SOROS FUND,670851500,OI S A,"4,173,192",SPONSORED ADR NE,"7,846"
SOROS FUND,682189AK1,ON SEMICONDUCTOR CORP,"32,000,000",NOTE 1.000%12/0,"39,628"
SOROS FUND,722304102,PINDUODUO INC,"150,000",SPONSORED ADS,"3,720"
SOROS FUND,693475105,PNC FINL SVCS GROUP INC,"45,904",COM,"5,631"
SOROS FUND,74144T108,PRICE T ROWE GROUP INC,"23,756",COM,"2,378"
SOROS FUND,743315103,PROGRESSIVE CORP OHIO,"65,130",COM,"4,695"
SOROS FUND,744320102,PRUDENTIAL FINL INC,"48,445",COM,"4,451"
SOROS FUND,74736LAB5,Q2 HLDGS INC,"9,800,000",NOTE 0.750% 2/1,"12,860"
SOROS FUND,750917AG1,RAMBUS INC DEL,"20,500,000",NOTE 1.375% 2/0,"19,231"
SOROS FUND,756577102,RED HAT INC,"325,191",COM,"59,412"
SOROS FUND,76680R206,RINGCENTRAL INC,"265,000",CL A,"28,567"
SOROS FUND,779376AD4,ROVI CORP,"113,222,000",NOTE 0.500% 3/0,"110,114"
SOROS FUND,78409V104,S&P GLOBAL INC,"28,616",COM,"6,025"
SOROS FUND,79466L302,SALESFORCE COM INC,"315,000",COM,"49,887"
SOROS FUND,80283M101,SANTANDER CONSUMER USA HDG I,"500,000",COM,"10,565"
SOROS FUND,806857108,SCHLUMBERGER LTD,"50,000",COM,"2,179"
SOROS FUND,81369Y506,SELECT SECTOR SPDR TR,"86,972",ENERGY,"5,751"
SOROS FUND,81369Y605,SELECT SECTOR SPDR TR,"916,467",SBI INT-FINL,"23,562"
SOROS FUND,81762PAC6,SERVICENOW INC,"18,000,000",NOTE 6/0,"33,390"
SOROS FUND,826919AB8,SILICON LABORATORIES INC,"17,900,000",NOTE 1.375% 3/0,"19,495"
SOROS FUND,82968B103,SIRIUS XM HLDGS INC,"4,213,600",COM,"23,891"
SOROS FUND,78462F103,SPDR S&P 500 ETF TR,"101,220",TR UNIT,"28,593"
SOROS FUND,78462F103,SPDR S&P 500 ETF TR,"1,105,000",TR UNIT,"312,140"
SOROS FUND,78464A730,SPDR SERIES TRUST,"186,916",S&P OILGAS EXP,"5,746"
SOROS FUND,78464A730,SPDR SERIES TRUST,"1,000,000",S&P OILGAS EXP,"30,740"
SOROS FUND,857477103,STATE STR CORP,"17,264",COM,"1,136"
SOROS FUND,867224107,SUNCOR ENERGY INC NEW,"100,000",COM,"3,243"
SOROS FUND,867914103,SUNTRUST BKS INC,"26,395",COM,"1,564"
SOROS FUND,78486Q101,SVB FINL GROUP,"4,412",COM,981
SOROS FUND,87157DAD1,SYNAPTICS INC,"4,800,000",NOTE 0.500% 6/1,"4,441"
SOROS FUND,87165B103,SYNCHRONY FINL,"498,772",COM,"15,911"
SOROS FUND,872590104,T MOBILE US INC,"618,247",COM,"42,721"
SOROS FUND,87236Y108,TD AMERITRADE HLDG CORP,"20,327",COM,"1,016"
SOROS FUND,88160RAC5,TESLA INC,"37,500,000",NOTE 1.250% 3/0,"38,602"
SOROS FUND,808513105,THE CHARLES SCHWAB CORPORATI,"53,404",COM,"2,284"
SOROS FUND,88870P106,TIVO CORP,"1,568,485",COM,"14,618"
SOROS FUND,89417E109,TRAVELERS COMPANIES INC,"40,423",COM,"5,544"
SOROS FUND,896047503,TRIBUNE MEDIA CO,"306,459",CL A,"14,140"
SOROS FUND,90138F102,TWILIO INC,"125,000",CL A,"16,148"
SOROS FUND,90385D107,ULTIMATE SOFTWARE GROUP INC,"19,622",COM,"6,478"
SOROS FUND,91324P102,UNITEDHEALTH GROUP INC,"35,000",COM,"8,654"
SOROS FUND,902973304,US BANCORP DEL,"119,003",COM NEW,"5,735"
SOROS FUND,91913Y100,VALERO ENERGY CORP NEW,"500,000",COM,"42,415"
SOROS FUND,922417AD2,VEECO INSTRS INC DEL,"39,000,000",NOTE 2.700% 1/1,"33,461"
SOROS FUND,92532W103,VERSUM MATLS INC,"86,000",COM,"4,327"
SOROS FUND,92553P201,VIACOM INC NEW,"850,000",CL B,"23,860"
SOROS FUND,925652109,VICI PPTYS INC,"19,639,618",COM,"429,715"
SOROS FUND,92763M105,VIPER ENERGY PARTNERS LP,"950,000",COM UNT RP INT,"31,502"
SOROS FUND,92927K102,WABCO HLDGS INC,"53,500",COM,"7,053"
SOROS FUND,947075AH0,WEATHERFORD INTL LTD,"10,000,000",NOTE 5.875% 7/0,"8,125"
SOROS FUND,94946T106,WELLCARE HEALTH PLANS INC,"23,835",COM,"6,429"
SOROS FUND,949746101,WELLS FARGO CO NEW,"285,630",COM,"13,802"
SOROS FUND,958669103,WESTERN MIDSTREAM PARTNERS L,"94,550",COM UNIT LP INT,"2,965"
SOROS FUND,98138H101,WORKDAY INC,"100,000",CL A,"19,285"
SOROS FUND,98138HAF8,WORKDAY INC,"4,000,000",NOTE 0.250%10/0,"5,668"
SOROS FUND,98156Q108,WORLD WRESTLING ENTMT INC,"325,000",CL A,"28,204"
SOROS FUND,981558109,WORLDPAY INC,"124,801",CL A,"14,165"
SOROS FUND,98954MAC5,ZILLOW GROUP INC,"5,000,000",NOTE 1.500% 7/0,"4,579"
SOROS FUND,98954MAB7,ZILLOW GROUP INC,"1,000,000",NOTE 2.000%12/0,"1,025"
SOROS FUND,989701107,ZIONS BANCORPORATION N A,"56,730",COM,"2,576"
