company,cusip,name,shares,title,value
BERKSHIRE HATHAWAY,COLUMN 3,COLUMN 1,COLUMN 5,COLUMN 2,COLUMN 4
BERKSHIRE HATHAWAY,,,SHRS OR,,VALUE
BERKSHIRE HATHAWAY,CUSIP,NAME OF ISSUER,PRN AMT,TITLE OF CLASS,(x$1000)
BERKSHIRE HATHAWAY,023135106,AMAZON COM INC,"423,500",COM,"754,148"
BERKSHIRE HATHAWAY,023135106,AMAZON COM INC,"59,800",COM,"106,489"
BERKSHIRE HATHAWAY,02376R102,AMERICAN AIRLS GROUP INC,"20,742,000",COM,"658,766"
BERKSHIRE HATHAWAY,02376R102,AMERICAN AIRLS GROUP INC,"22,802,854",COM,"724,219"
BERKSHIRE HATHAWAY,02376R102,AMERICAN AIRLS GROUP INC,"155,146",COM,"4,927"
BERKSHIRE HATHAWAY,025816109,AMERICAN EXPRESS CO,"1,952,142",COM,"213,369"
BERKSHIRE HATHAWAY,025816109,AMERICAN EXPRESS CO,"17,225,400",COM,"1,882,736"
BERKSHIRE HATHAWAY,025816109,AMERICAN EXPRESS CO,"839,832",COM,"91,794"
BERKSHIRE HATHAWAY,025816109,AMERICAN EXPRESS CO,"2,057,100",COM,"224,841"
BERKSHIRE HATHAWAY,025816109,AMERICAN EXPRESS CO,"7,994,634",COM,"873,813"
BERKSHIRE HATHAWAY,025816109,AMERICAN EXPRESS CO,"120,141,879",COM,"13,131,507"
BERKSHIRE HATHAWAY,025816109,AMERICAN EXPRESS CO,"1,399,713",COM,"152,989"
BERKSHIRE HATHAWAY,037833100,APPLE INC,"710,000",COM,"134,865"
BERKSHIRE HATHAWAY,037833100,APPLE INC,"960,000",COM,"182,352"
BERKSHIRE HATHAWAY,037833100,APPLE INC,"6,065,000",COM,"1,152,047"
BERKSHIRE HATHAWAY,037833100,APPLE INC,"17,657,000",COM,"3,353,947"
BERKSHIRE HATHAWAY,037833100,APPLE INC,"681,000",COM,"129,356"
BERKSHIRE HATHAWAY,037833100,APPLE INC,"15,385,747",COM,"2,922,523"
BERKSHIRE HATHAWAY,037833100,APPLE INC,"3,038,000",COM,"577,068"
BERKSHIRE HATHAWAY,037833100,APPLE INC,"13,640,000",COM,"2,590,918"
BERKSHIRE HATHAWAY,037833100,APPLE INC,"189,830,582",COM,"36,058,319"
BERKSHIRE HATHAWAY,037833100,APPLE INC,"678,000",COM,"128,786"
BERKSHIRE HATHAWAY,037833100,APPLE INC,"944,000",COM,"179,313"
BERKSHIRE HATHAWAY,060505104,BANK AMER CORP,"6,160,000",COM,"169,954"
BERKSHIRE HATHAWAY,060505104,BANK AMER CORP,"11,900,000",COM,"328,321"
BERKSHIRE HATHAWAY,060505104,BANK AMER CORP,"8,307,500",COM,"229,204"
BERKSHIRE HATHAWAY,060505104,BANK AMER CORP,"140,000,000",COM,"3,862,600"
BERKSHIRE HATHAWAY,060505104,BANK AMER CORP,"30,628,000",COM,"845,027"
BERKSHIRE HATHAWAY,060505104,BANK AMER CORP,"2,100,000",COM,"57,939"
BERKSHIRE HATHAWAY,060505104,BANK AMER CORP,"311,780,000",COM,"8,602,010"
BERKSHIRE HATHAWAY,060505104,BANK AMER CORP,"11,999,000",COM,"331,052"
BERKSHIRE HATHAWAY,060505104,BANK AMER CORP,"17,275,000",COM,"476,617"
BERKSHIRE HATHAWAY,060505104,BANK AMER CORP,"318,218,100",COM,"8,779,637"
BERKSHIRE HATHAWAY,060505104,BANK AMER CORP,"28,000,000",COM,"772,520"
BERKSHIRE HATHAWAY,060505104,BANK AMER CORP,"9,800,000",COM,"270,382"
BERKSHIRE HATHAWAY,064058100,BANK OF NEW YORK MELLON CORP,"7,511,249",COM,"378,792"
BERKSHIRE HATHAWAY,064058100,BANK OF NEW YORK MELLON CORP,"2,148,000",COM,"108,324"
BERKSHIRE HATHAWAY,064058100,BANK OF NEW YORK MELLON CORP,"1,793,915",COM,"90,467"
BERKSHIRE HATHAWAY,064058100,BANK OF NEW YORK MELLON CORP,"457,000",COM,"23,047"
BERKSHIRE HATHAWAY,064058100,BANK OF NEW YORK MELLON CORP,"776,000",COM,"39,134"
BERKSHIRE HATHAWAY,064058100,BANK OF NEW YORK MELLON CORP,"6,490,384",COM,"327,310"
BERKSHIRE HATHAWAY,064058100,BANK OF NEW YORK MELLON CORP,"7,319,000",COM,"369,097"
BERKSHIRE HATHAWAY,064058100,BANK OF NEW YORK MELLON CORP,"3,854,463",COM,"194,381"
BERKSHIRE HATHAWAY,064058100,BANK OF NEW YORK MELLON CORP,"45,861,457",COM,"2,312,793"
BERKSHIRE HATHAWAY,064058100,BANK OF NEW YORK MELLON CORP,"2,140,000",COM,"107,920"
BERKSHIRE HATHAWAY,064058100,BANK OF NEW YORK MELLON CORP,"2,585,782",COM,"130,401"
BERKSHIRE HATHAWAY,16119P108,CHARTER COMMUNICATIONS INC N,"5,710,711",CL A,"1,981,103"
BERKSHIRE HATHAWAY,191216100,COCA COLA CO,"800,000",COM,"37,488"
BERKSHIRE HATHAWAY,191216100,COCA COLA CO,"80,283,200",COM,"3,762,071"
BERKSHIRE HATHAWAY,191216100,COCA COLA CO,"1,824,000",COM,"85,473"
BERKSHIRE HATHAWAY,191216100,COCA COLA CO,"14,411,200",COM,"675,309"
BERKSHIRE HATHAWAY,191216100,COCA COLA CO,"14,990,400",COM,"702,450"
BERKSHIRE HATHAWAY,191216100,COCA COLA CO,"283,179,200",COM,"13,269,777"
BERKSHIRE HATHAWAY,191216100,COCA COLA CO,"3,552,000",COM,"166,447"
BERKSHIRE HATHAWAY,191216100,COCA COLA CO,"960,000",COM,"44,986"
BERKSHIRE HATHAWAY,22160K105,COSTCO WHSL CORP NEW,"4,333,363",COM,"1,049,281"
BERKSHIRE HATHAWAY,23918K108,DAVITA HEALTHCARE PARTNERS I,"20,052,088",COM,"1,088,628"
BERKSHIRE HATHAWAY,23918K108,DAVITA HEALTHCARE PARTNERS I,"18,513,482",COM,"1,005,097"
BERKSHIRE HATHAWAY,247361702,DELTA AIR LINES INC DEL,"6,993,123",COM NEW,"361,195"
BERKSHIRE HATHAWAY,247361702,DELTA AIR LINES INC DEL,"63,917,333",COM NEW,"3,301,330"
BERKSHIRE HATHAWAY,37045V100,GENERAL MTRS CO,"26,994,000",COM,"1,001,477"
BERKSHIRE HATHAWAY,37045V100,GENERAL MTRS CO,"24,887,209",COM,"923,315"
BERKSHIRE HATHAWAY,37045V100,GENERAL MTRS CO,"8,402,338",COM,"311,727"
BERKSHIRE HATHAWAY,37045V100,GENERAL MTRS CO,"11,986,149",COM,"444,686"
BERKSHIRE HATHAWAY,38141G104,GOLDMAN SACHS GROUP INC,"4,375,968",COM,"840,142"
BERKSHIRE HATHAWAY,38141G104,GOLDMAN SACHS GROUP INC,"13,977,667",COM,"2,683,572"
BERKSHIRE HATHAWAY,46625H100,JPMORGAN CHASE & CO,"913,000",COM,"92,423"
BERKSHIRE HATHAWAY,46625H100,JPMORGAN CHASE & CO,"1,829,100",COM,"185,160"
BERKSHIRE HATHAWAY,46625H100,JPMORGAN CHASE & CO,"216,500",COM,"21,916"
BERKSHIRE HATHAWAY,46625H100,JPMORGAN CHASE & CO,"274,000",COM,"27,737"
BERKSHIRE HATHAWAY,46625H100,JPMORGAN CHASE & CO,"1,735,000",COM,"175,634"
BERKSHIRE HATHAWAY,46625H100,JPMORGAN CHASE & CO,"52,496,332",COM,"5,314,204"
BERKSHIRE HATHAWAY,46625H100,JPMORGAN CHASE & CO,"2,051,000",COM,"207,623"
BERKSHIRE HATHAWAY,478160104,JOHNSON & JOHNSON,"327,100",COM,"45,725"
BERKSHIRE HATHAWAY,500754106,KRAFT HEINZ CO,"325,634,818",COM,"10,631,977"
BERKSHIRE HATHAWAY,531229409,LIBERTY MEDIA CORP DELAWARE,"4,308,117",COM A SIRIUSXM,"164,484"
BERKSHIRE HATHAWAY,531229409,LIBERTY MEDIA CORP DELAWARE,"7,791,780",COM A SIRIUSXM,"297,490"
BERKSHIRE HATHAWAY,531229409,LIBERTY MEDIA CORP DELAWARE,"933,391",COM A SIRIUSXM,"35,637"
BERKSHIRE HATHAWAY,531229409,LIBERTY MEDIA CORP DELAWARE,"1,827,072",COM A SIRIUSXM,"69,758"
BERKSHIRE HATHAWAY,531229607,LIBERTY MEDIA CORP DELAWARE,"7,153,027",COM C SIRIUSXM,"273,532"
BERKSHIRE HATHAWAY,531229607,LIBERTY MEDIA CORP DELAWARE,"19,359,910",COM C SIRIUSXM,"740,323"
BERKSHIRE HATHAWAY,531229607,LIBERTY MEDIA CORP DELAWARE,"508,654",COM C SIRIUSXM,"19,451"
BERKSHIRE HATHAWAY,531229607,LIBERTY MEDIA CORP DELAWARE,"4,069,394",COM C SIRIUSXM,"155,614"
BERKSHIRE HATHAWAY,55261F104,M & T BK CORP,"546,000",COM,"85,733"
BERKSHIRE HATHAWAY,55261F104,M & T BK CORP,"164,795",COM,"25,876"
BERKSHIRE HATHAWAY,55261F104,M & T BK CORP,"4,671,245",COM,"733,479"
BERKSHIRE HATHAWAY,57636Q104,MASTERCARD INC,"4,934,756",CL A,"1,161,888"
BERKSHIRE HATHAWAY,609207105,MONDELEZ INTL INC,"578,000",CL A,"28,854"
BERKSHIRE HATHAWAY,615369105,MOODYS CORP,"11,973,928",COM,"2,168,359"
BERKSHIRE HATHAWAY,615369105,MOODYS CORP,"12,695,850",COM,"2,299,091"
BERKSHIRE HATHAWAY,693475105,PNC FINL SVCS GROUP INC,"1,379,300",COM,"169,185"
BERKSHIRE HATHAWAY,693475105,PNC FINL SVCS GROUP INC,"212,500",COM,"26,065"
BERKSHIRE HATHAWAY,693475105,PNC FINL SVCS GROUP INC,"1,742,500",COM,"213,735"
BERKSHIRE HATHAWAY,693475105,PNC FINL SVCS GROUP INC,"5,248,754",COM,"643,812"
BERKSHIRE HATHAWAY,693475105,PNC FINL SVCS GROUP INC,"88,000",COM,"10,794"
BERKSHIRE HATHAWAY,718546104,PHILLIPS 66,"5,552,715",COM,"528,452"
BERKSHIRE HATHAWAY,742718109,PROCTER & GAMBLE CO,"315,400",COM,"32,817"
BERKSHIRE HATHAWAY,756577102,RED HAT INC,"5,110,471",COM,"933,683"
BERKSHIRE HATHAWAY,76131D103,RESTAURANT BRANDS INTL INC,"8,438,225",COM,"549,413"
BERKSHIRE HATHAWAY,82968B103,SIRIUS XM HLDGS INC,"93,547,788",COM,"530,416"
BERKSHIRE HATHAWAY,82968B103,SIRIUS XM HLDGS INC,"44,367,941",COM,"251,566"
BERKSHIRE HATHAWAY,844741108,SOUTHWEST AIRLS CO,"6,956,500",COM,"361,112"
BERKSHIRE HATHAWAY,844741108,SOUTHWEST AIRLS CO,"1,034,747",COM,"53,714"
BERKSHIRE HATHAWAY,844741108,SOUTHWEST AIRLS CO,"8,722",COM,453
BERKSHIRE HATHAWAY,844741108,SOUTHWEST AIRLS CO,"45,649,244",COM,"2,369,652"
BERKSHIRE HATHAWAY,862121100,STORE CAP CORP,"18,621,674",COM,"623,826"
BERKSHIRE HATHAWAY,867224107,SUNCOR ENERGY INC NEW,"10,758,000",COM,"348,882"
BERKSHIRE HATHAWAY,87165B103,SYNCHRONY FINL,"17,463,000",COM,"557,070"
BERKSHIRE HATHAWAY,87165B103,SYNCHRONY FINL,"3,340,000",COM,"106,546"
BERKSHIRE HATHAWAY,881624209,TEVA PHARMACEUTICAL INDS LTD,"22,285,000",SPONSORED ADR,"349,429"
BERKSHIRE HATHAWAY,881624209,TEVA PHARMACEUTICAL INDS LTD,"2,709,585",SPONSORED ADR,"42,486"
BERKSHIRE HATHAWAY,881624209,TEVA PHARMACEUTICAL INDS LTD,"18,254,710",SPONSORED ADR,"286,234"
BERKSHIRE HATHAWAY,891027104,TORCHMARK CORP,"174,489",COM,"14,299"
BERKSHIRE HATHAWAY,891027104,TORCHMARK CORP,"1,011,888",COM,"82,924"
BERKSHIRE HATHAWAY,891027104,TORCHMARK CORP,"1,439,325",COM,"117,953"
BERKSHIRE HATHAWAY,891027104,TORCHMARK CORP,"3,728,025",COM,"305,512"
BERKSHIRE HATHAWAY,89417E109,TRAVELERS COMPANIES INC,"1,581,000",COM,"216,850"
BERKSHIRE HATHAWAY,89417E109,TRAVELERS COMPANIES INC,"1,555,000",COM,"213,284"
BERKSHIRE HATHAWAY,89417E109,TRAVELERS COMPANIES INC,"2,822,391",COM,"387,119"
BERKSHIRE HATHAWAY,902973304,US BANCORP DEL,"590,275",COM NEW,"28,445"
BERKSHIRE HATHAWAY,902973304,US BANCORP DEL,"3,850,000",COM NEW,"185,532"
BERKSHIRE HATHAWAY,902973304,US BANCORP DEL,"4,840,500",COM NEW,"233,264"
BERKSHIRE HATHAWAY,902973304,US BANCORP DEL,"24,307,300",COM NEW,"1,171,369"
BERKSHIRE HATHAWAY,902973304,US BANCORP DEL,"1,175,000",COM NEW,"56,623"
BERKSHIRE HATHAWAY,902973304,US BANCORP DEL,"12,679,300",COM NEW,"611,015"
BERKSHIRE HATHAWAY,902973304,US BANCORP DEL,"4,204,800",COM NEW,"202,629"
BERKSHIRE HATHAWAY,902973304,US BANCORP DEL,"3,789,000",COM NEW,"182,592"
BERKSHIRE HATHAWAY,902973304,US BANCORP DEL,"72,127,656",COM NEW,"3,475,832"
BERKSHIRE HATHAWAY,902973304,US BANCORP DEL,"1,745,000",COM NEW,"84,092"
BERKSHIRE HATHAWAY,903293405,U S G CORP,"14,035,088",COM NEW,"607,719"
BERKSHIRE HATHAWAY,903293405,U S G CORP,"24,966,928",COM NEW,"1,081,068"
BERKSHIRE HATHAWAY,910047109,UNITED CONTL HLDGS INC,"5,668,831",COM,"452,259"
BERKSHIRE HATHAWAY,910047109,UNITED CONTL HLDGS INC,"16,269,811",COM,"1,298,006"
BERKSHIRE HATHAWAY,911312106,UNITED PARCEL SERVICE INC,"59,400",CL B,"6,637"
BERKSHIRE HATHAWAY,92343E102,VERISIGN INC,"5,047,264",COM,"916,381"
BERKSHIRE HATHAWAY,92343E102,VERISIGN INC,"7,905,481",COM,"1,435,319"
BERKSHIRE HATHAWAY,92826C839,VISA INC,"323,300",COM CL A,"50,496"
BERKSHIRE HATHAWAY,92826C839,VISA INC,"10,239,160",COM CL A,"1,599,254"
BERKSHIRE HATHAWAY,949746101,WELLS FARGO & CO NEW,"1,800,000",COM,"86,976"
BERKSHIRE HATHAWAY,949746101,WELLS FARGO & CO NEW,"5,021,720",COM,"242,650"
BERKSHIRE HATHAWAY,949746101,WELLS FARGO & CO NEW,"5,303,500",COM,"256,265"
BERKSHIRE HATHAWAY,949746101,WELLS FARGO & CO NEW,"6,812,857",COM,"329,197"
BERKSHIRE HATHAWAY,949746101,WELLS FARGO & CO NEW,"68,789,419",COM,"3,323,905"
BERKSHIRE HATHAWAY,949746101,WELLS FARGO & CO NEW,"820,000",COM,"39,622"
BERKSHIRE HATHAWAY,949746101,WELLS FARGO & CO NEW,"1,700,000",COM,"82,144"
BERKSHIRE HATHAWAY,949746101,WELLS FARGO & CO NEW,"27,239,900",COM,"1,316,232"
BERKSHIRE HATHAWAY,949746101,WELLS FARGO & CO NEW,"10,267,000",COM,"496,101"
BERKSHIRE HATHAWAY,949746101,WELLS FARGO & CO NEW,"51,801,930",COM,"2,503,069"
BERKSHIRE HATHAWAY,949746101,WELLS FARGO & CO NEW,"223,849,727",COM,"10,816,419"
BERKSHIRE HATHAWAY,949746101,WELLS FARGO & CO NEW,"2,788,000",COM,"134,716"
BERKSHIRE HATHAWAY,949746101,WELLS FARGO & CO NEW,"1,609,720",COM,"77,782"
BERKSHIRE HATHAWAY,949746101,WELLS FARGO & CO NEW,"2,000,000",COM,"96,640"
BERKSHIRE HATHAWAY,G0750C108,AXALTA COATING SYS LTD,"3,324,000",COM,"83,798"
BERKSHIRE HATHAWAY,G0750C108,AXALTA COATING SYS LTD,"20,546,957",COM,"517,989"
BERKSHIRE HATHAWAY,G0750C108,AXALTA COATING SYS LTD,"393,043",COM,"9,909"
BERKSHIRE HATHAWAY,G5480U104,LIBERTY GLOBAL PLC,"8,379,000",SHS CL A,"208,805"
BERKSHIRE HATHAWAY,G5480U104,LIBERTY GLOBAL PLC,"11,190,970",SHS CL A,"278,879"
BERKSHIRE HATHAWAY,G5480U104,LIBERTY GLOBAL PLC,"221,030",SHS CL A,"5,508"
BERKSHIRE HATHAWAY,G5480U120,LIBERTY GLOBAL PLC,"7,346,968",SHS CL C,"177,870"
BERKSHIRE HATHAWAY,G85158106,STONECO LTD,"14,166,748",COM CL A,"582,395"
BERKSHIRE HATHAWAY,G9001E102,LIBERTY LATIN AMERICA LTD,"1,089,669",COM CL A,"21,074"
BERKSHIRE HATHAWAY,G9001E102,LIBERTY LATIN AMERICA LTD,"1,625,185",COM CL A,"31,431"
BERKSHIRE HATHAWAY,G9001E128,LIBERTY LATIN AMERICA LTD,"1,284,020",COM CL C,"24,974"
