cusip,name,shares,title,value
G0084W101,ADIENT PLC,"599,600",ORD SHS,"7,771"
G0084W101,ADIENT PLC,"921,913",ORD SHS,"11,948"
G0084W101,ADIENT PLC,"460,779",ORD SHS,"5,972"
N00985106,AERCAP HOLDINGS NV,"998,392",SHS,"46,465"
N00985106,AERCAP HOLDINGS NV,"1,247,243",SHS,"58,047"
N00985106,AERCAP HOLDINGS NV,"1,917,443",SHS,"89,238"
02156K103,ALTICE USA INC,"924,800",CL A,"19,865"
02156K103,ALTICE USA INC,"1,256,200",CL A,"26,983"
02156K103,ALTICE USA INC,"1,931,540",CL A,"41,489"
10922N103,BRIGHTHOUSE FINL INC,"731,863",COM,"26,559"
10922N103,BRIGHTHOUSE FINL INC,"1,038,800",COM,"37,698"
10922N103,BRIGHTHOUSE FINL INC,"38,300",COM,"1,390"
10922N103,BRIGHTHOUSE FINL INC,"1,483,756",COM,"53,846"
12653C108,CNX RESOURCES CORPORATION,"1,418,365",COM,"15,276"
12653C108,CNX RESOURCES CORPORATION,"2,435,729",COM,"26,233"
12653C108,CNX RESOURCES CORPORATION,"1,918,506",COM,"20,662"
12653C108,CNX RESOURCES CORPORATION,"17,500",COM,188
20855T100,CONSOL COAL RES LP,"719,300",COM UNIT,"12,710"
20855T100,CONSOL COAL RES LP,"1,805,600",COM UNIT,"31,905"
20855T100,CONSOL COAL RES LP,"2,963,538",COM UNIT,"52,366"
20854L108,CONSOL ENERGY INC NEW,"77,200",COM,"2,642"
20854L108,CONSOL ENERGY INC NEW,"129,300",COM,"4,425"
20854L108,CONSOL ENERGY INC NEW,"133,500",COM,"4,568"
278768106,ECHOSTAR CORP,"180,900",CL A,"6,594"
278768106,ECHOSTAR CORP,"158,900",CL A,"5,792"
278768106,ECHOSTAR CORP,"260,200",CL A,"9,484"
G3157S106,ENSCO PLC,"6,603,300",SHS CLASS A,"25,951"
G3157S106,ENSCO PLC,"4,222,400",SHS CLASS A,"16,594"
G3157S106,ENSCO PLC,"4,294,300",SHS CLASS A,"16,877"
30162V102,EXELA TECHNOLOGIES INC,"2,518,107",COM,"8,410"
30162V102,EXELA TECHNOLOGIES INC,"4,124,621",COM,"13,776"
30162V102,EXELA TECHNOLOGIES INC,"1,380,200",COM,"4,610"
37045V100,GENERAL MTRS CO,"2,563,039",COM,"95,089"
37045V100,GENERAL MTRS CO,"2,496,302",COM,"92,613"
37045V100,GENERAL MTRS CO,"43,200",COM,"1,603"
37045V100,GENERAL MTRS CO,"4,016,200",COM,"149,001"
392709101,GREEN BRICK PARTNERS INC,"3,466,793",COM,"30,334"
392709101,GREEN BRICK PARTNERS INC,"7,819,054",COM,"68,417"
392709101,GREEN BRICK PARTNERS INC,"12,832,821",COM,"112,287"
43283X105,HILTON GRAND VACATIONS INC,"526,000",COM,"16,227"
43283X105,HILTON GRAND VACATIONS INC,"251,900",COM,"7,771"
43283X105,HILTON GRAND VACATIONS INC,"342,100",COM,"10,554"
584688105,MEDICINES CO,"455,200",COM,"12,723"
584688105,MEDICINES CO,"217,200",COM,"6,071"
584688105,MEDICINES CO,"276,400",COM,"7,725"
G7998G106,SEADRILL LTD,"235,091",COM,"1,954"
G7998G106,SEADRILL LTD,"302,700",COM,"2,515"
G7998G106,SEADRILL LTD,"509,009",COM,"4,230"
Y8564M105,TEEKAY LNG PARTNERS L P,"150,700",PRTNRSP UNITS,"2,254"
Y8564M105,TEEKAY LNG PARTNERS L P,"132,400",PRTNRSP UNITS,"1,981"
Y8564M105,TEEKAY LNG PARTNERS L P,"216,900",PRTNRSP UNITS,"3,245"
88023U101,TEMPUR SEALY INTL INC,"187,400",COM,"10,807"
88023U101,TEMPUR SEALY INTL INC,"180,700",COM,"10,421"
88023U101,TEMPUR SEALY INTL INC,"291,325",COM,"16,801"
929089100,VOYA FINL INC,"325,205",COM,"16,247"
929089100,VOYA FINL INC,"210,300",COM,"10,507"
929089100,VOYA FINL INC,"200,941",COM,"10,039"