company,cusip,name,shares,title,value
BP CAPITAL FUND,COLUMN 3,COLUMN 1,COLUMN 5,COLUMN 2,COLUMN 4
BP CAPITAL FUND,,,SHRS OR,,VALUE
BP CAPITAL FUND,CUSIP,NAME OF ISSUER,PRN AMT,TITLE OF CLASS,(x$1000)
BP CAPITAL FUND,013872106,ALCOA CORP,"68,366",COM,"1,817"
BP CAPITAL FUND,032511107,ANADARKO PETE CORP,"46,959",COM,"2,059"
BP CAPITAL FUND,03350F106,ANDEAVOR LOGISTICS LP,"44,803",COM UNIT LP INT,"1,456"
BP CAPITAL FUND,03675Y103,ANTERO MIDSTREAM GP LP,"182,676",COM SHS REPSTG,"2,042"
BP CAPITAL FUND,03673L103,ANTERO MIDSTREAM PARTNERS LP,"54,035",UNT LTD PARTN,"1,156"
BP CAPITAL FUND,03674X106,ANTERO RES CORP,"173,190",COM,"1,626"
BP CAPITAL FUND,0556EL109,BP MIDSTREAM PARTNERS LP,"95,010",UNIT LTD PTNR,"1,449"
BP CAPITAL FUND,118230101,BUCKEYE PARTNERS L P,"23,691",UNIT LTD PARTN,687
BP CAPITAL FUND,13123X102,CALLON PETE CO DEL,"186,022",COM,"1,207"
BP CAPITAL FUND,16411Q101,CHENIERE ENERGY PARTNERS LP,"63,343",COM UNIT,"2,287"
BP CAPITAL FUND,12654A101,CNX MIDSTREAM PARTNERS LP,"242,695",COM UNIT REPST,"3,951"
BP CAPITAL FUND,20605P101,CONCHO RES INC,"8,618",COM,886
BP CAPITAL FUND,212015101,CONTINENTAL RESOURCES INC,"41,440",COM,"1,665"
BP CAPITAL FUND,24665A103,DELEK US HLDGS INC NEW,"67,732",COM,"2,202"
BP CAPITAL FUND,25278X109,DIAMONDBACK ENERGY INC,"26,379",COM,"2,445"
BP CAPITAL FUND,29273V100,ENERGY TRANSFER LP,"974,270",COM UT LTD PTN,"12,870"
BP CAPITAL FUND,29336U107,ENLINK MIDSTREAM PARTNERS LP,"225,100",COM UNIT REP LTD,"2,406"
BP CAPITAL FUND,293792107,ENTERPRISE PRODS PARTNERS L,"414,907",COM,"10,044"
BP CAPITAL FUND,406216101,HALLIBURTON CO,"62,534",COM,"1,662"
BP CAPITAL FUND,428104103,HESS MIDSTREAM PARTNERS LP,"95,059",UNIT LTD PR INT,"1,614"
BP CAPITAL FUND,435763107,HOLLY ENERGY PARTNERS L P,"90,073",COM UT LTD PTN,"2,572"
BP CAPITAL FUND,447011107,HUNTSMAN CORP,"121,679",COM,"2,347"
BP CAPITAL FUND,49456B101,KINDER MORGAN INC DEL,"293,860",COM,"4,469"
BP CAPITAL FUND,499049104,KNIGHT SWIFT TRANSN HLDGS IN,"74,248",CL A,"1,861"
BP CAPITAL FUND,559080106,MAGELLAN MIDSTREAM PRTNRS LP,"79,735",COM UNIT RP LP,"4,550"
BP CAPITAL FUND,565849106,MARATHON OIL CORP,"134,923",COM,"1,935"
BP CAPITAL FUND,56585A102,MARATHON PETE CORP,"31,465",COM,"1,857"
BP CAPITAL FUND,55336V100,MPLX LP,"191,627",COM UNIT REP LTD,"5,806"
BP CAPITAL FUND,55345K103,MRC GLOBAL INC,"116,479",COM,"1,425"
BP CAPITAL FUND,651290108,NEWFIELD EXPL CO,"86,472",COM,"1,268"
BP CAPITAL FUND,65506L105,NOBLE MIDSTREAM PARTNERS LP,"39,152",COM UNIT REPST,"1,129"
BP CAPITAL FUND,67077M108,NUTRIEN LTD,"47,904",COM,"2,251"
BP CAPITAL FUND,674599105,OCCIDENTAL PETE CORP DEL,"37,456",COM,"2,299"
BP CAPITAL FUND,682680103,ONEOK INC NEW,"10,983",COM,584
BP CAPITAL FUND,701877102,PARSLEY ENERGY INC,"145,156",CL A,"2,320"
BP CAPITAL FUND,703481101,PATTERSON UTI ENERGY INC,"182,664",COM,"1,891"
BP CAPITAL FUND,718549207,PHILLIPS 66 PARTNERS LP,"87,177",COM UNIT REP INT,"3,671"
BP CAPITAL FUND,723787107,PIONEER NAT RES CO,"17,491",COM,"2,300"
BP CAPITAL FUND,726503105,PLAINS ALL AMERN PIPELINE L,"292,395",UNIT LTD PARTN,"5,784"
BP CAPITAL FUND,74347M108,PROPETRO HLDG CORP,"158,642",COM,"1,954"
BP CAPITAL FUND,74762E102,QUANTA SVCS INC,"80,004",COM,"2,408"
BP CAPITAL FUND,822634101,SHELL MIDSTREAM PARTNERS L P,"238,410",UNIT LTD INT,"3,912"
BP CAPITAL FUND,83418M103,SOLARIS OILFIELD INFRSTR INC,"163,900",COM CL A,"1,982"
BP CAPITAL FUND,86614U100,SUMMIT MATLS INC,"79,093",CL A,981
BP CAPITAL FUND,874696107,TALLGRASS ENERGY LP,"27,404",CLASS A SHS,653
BP CAPITAL FUND,87612G101,TARGA RES CORP,"199,322",COM,"7,030"
BP CAPITAL FUND,87968A104,TELLURIAN INC NEW,"93,725",COM,651
BP CAPITAL FUND,887389104,TIMKEN CO,"63,696",COM,"2,377"
BP CAPITAL FUND,90274E257,UBS AG LONDON BRH,"52,496",ETRACS NYSE,"1,011"
BP CAPITAL FUND,958254104,WESTERN GAS PARTNERS LP,"54,484",COM UNIT LP IN,"2,301"
BP CAPITAL FUND,969457100,WILLIAMS COS INC DEL,"457,297",COM,"10,083"
BP CAPITAL FUND,98212B103,WPX ENERGY INC,"202,256",COM,"2,296"
